2021년,서울 종로,서울 중구,서울 용산,서울 성동,서울 광진,서울 동대문,서울 중랑,서울 성북,서울 강북,서울 도봉,서울 노원,서울 은평,서울 서대문,서울 마포,서울 양천,서울 강서,서울 구로,서울 금천,서울 영등포,서울 동작,서울 관악,서울 서초,서울 강남,서울 송파,서울 강동,부산 중구,부산 서구,부산 동구,부산 영도,부산 부산진,부산 동래,부산 남구,부산 북구,부산 해운대,부산 사하,부산 금정,부산 강서,부산 연제,부산 수영,부산 사상,부산 기장군,대구 중구,대구 동구,대구 서구,대구 남구,대구 북구,대구 수성,대구 달서,대구 달성군,인천 중구,인천 동구,인천 서구,인천 미추홀,인천 연수,인천 남동,인천 부평,인천 계양,인천 강화군,인천 옹진군,광주 동구,광주 서구,광주 남구,광주 북구,광주 광산,대전 중구,대전 동구,대전 서구,대전 유성,대전 대덕,울산 중구,울산 동구,울산 남구,울산 북구,울산 울주군,부천,수원,성남,전주,안양,청주,창원,광명,포항,안산,진주,고양,제주,목포,의정부,익산,군산,구미,천안,여수,춘천,원주,평택,경주,김해,순천,군포,남양주,강릉,충주,안동,경산,아산,거제,김천,정읍,용인,시흥,파주,양산,이천,구리,서산,제천,논산,기타 도시,도시이외
절도,1081,1301,959,907,1419,1246,1399,891,786,774,1356,1424,1024,1517,1350,1533,1393,1013,1717,1136,1857,1506,2384,2026,1610,583,417,503,307,2178,926,679,909,1233,909,775,361,713,686,954,565,1335,1333,765,648,1541,1150,1993,563,402,123,1504,1322,945,1277,1786,656,150,18,496,1104,635,1475,1203,893,900,1594,1103,573,618,486,1065,452,540,3034,4202,2697,2118,1467,2977,3391,938,2162,2644,1858,2091,2196,1067,1184,907,1059,1704,2727,887,842,1058,1988,911,2575,909,665,1290,732,636,415,910,1132,763,393,446,2244,1855,1093,1067,601,482,541,388,421,15466,8694
장물,7,1,1,0,3,0,1,1,0,1,1,1,0,2,1,1,2,2,1,1,2,1,6,1,1,4,1,5,2,5,8,2,4,13,3,8,4,4,6,2,3,1,0,0,1,1,1,3,0,0,0,4,5,1,4,4,3,0,0,1,2,1,0,2,0,2,2,0,1,4,0,1,0,1,5,8,8,2,0,9,6,2,1,8,2,3,7,2,3,0,0,0,5,2,1,8,5,0,2,2,0,0,0,0,1,1,2,0,0,0,4,2,2,2,1,0,0,0,1,27,11
사기,1539,1505,1080,1457,1954,1728,1493,1205,1185,1162,1909,1809,1226,1736,1445,2348,1908,1535,2416,1346,2839,3189,6435,3088,1800,659,818,1153,570,3311,1664,2269,1529,2798,1651,1639,1474,2503,618,1763,1324,1478,2428,1205,1085,2384,2300,3568,817,978,234,2694,2625,1803,2677,2326,1274,335,56,722,2081,867,2089,1877,1560,1959,3211,1642,747,1138,760,2181,861,1197,5761,6183,4494,3747,2416,5216,6273,1394,2524,4333,2067,5711,3412,2187,3010,1767,1870,2814,3700,1451,1602,2137,4571,1659,4043,1383,1146,3189,847,1287,793,1211,1363,1554,632,885,3899,3706,2332,2653,1582,874,835,526,633,39803,14267
횡령,532,554,403,394,514,562,445,321,248,266,500,425,367,680,422,547,633,328,702,449,590,756,1391,1061,406,106,81,155,68,670,290,225,187,368,236,170,149,234,181,199,164,308,440,149,228,355,304,435,122,279,92,566,707,421,659,639,278,47,11,180,376,173,415,418,347,218,375,182,124,102,128,293,94,131,1115,1277,949,446,688,656,721,362,258,732,163,1407,609,285,760,190,190,251,621,284,160,181,556,225,410,211,266,524,182,149,87,206,229,166,71,56,711,483,459,223,169,220,125,68,83,4988,1841
배임,33,58,26,28,26,26,8,15,10,10,14,19,23,52,21,40,28,31,58,22,12,106,223,54,17,7,6,10,6,29,18,25,12,50,15,14,13,22,13,14,19,11,11,12,13,18,35,30,8,15,3,34,31,32,26,19,23,11,0,12,18,24,27,17,17,9,32,50,7,12,7,293,13,28,33,70,70,40,23,39,74,12,17,53,24,72,45,31,20,18,10,18,57,16,11,24,58,14,41,12,10,33,13,9,16,11,19,24,11,7,101,34,24,14,10,12,13,6,7,544,331
손괴,345,308,284,244,318,329,403,295,242,225,521,375,278,397,362,426,431,259,536,329,565,367,635,534,386,120,130,113,117,561,255,213,246,391,310,194,78,210,198,264,116,208,365,246,257,467,335,531,178,168,52,534,500,285,503,698,274,94,26,133,286,204,489,370,252,257,532,323,198,209,179,369,147,180,1103,1510,691,585,592,992,1072,334,527,991,359,875,881,313,620,330,319,441,802,369,296,383,864,243,532,335,262,531,278,241,172,343,357,199,172,109,786,680,477,360,304,159,252,143,150,5894,3410
살인,5,6,3,4,5,3,4,4,4,2,6,5,3,7,1,9,5,7,7,3,8,6,13,3,4,3,1,2,4,2,2,4,5,4,4,5,2,3,1,4,1,3,5,1,2,2,7,4,2,5,0,5,7,4,16,4,3,1,1,3,4,1,2,1,4,6,6,2,1,3,1,6,3,2,10,16,13,8,5,7,11,1,7,12,6,13,15,3,2,5,3,7,11,9,0,3,13,3,4,4,1,7,4,1,1,3,6,7,3,3,8,4,9,3,1,2,1,3,0,84,59
강도,4,6,1,4,4,8,6,2,2,2,3,3,2,4,3,2,3,3,11,1,7,5,25,9,5,2,2,0,1,5,1,3,7,10,2,2,3,3,3,7,0,5,2,3,3,4,0,4,2,3,0,3,9,1,4,12,2,0,0,2,3,2,3,5,4,1,1,1,2,1,1,6,2,1,6,7,11,8,4,6,5,0,4,6,11,2,9,2,6,2,4,3,11,1,2,0,7,2,8,1,0,5,6,2,1,1,2,1,4,1,7,2,2,4,0,1,4,2,1,38,31
방화,3,10,7,10,6,11,8,9,6,5,3,4,8,9,5,11,4,7,11,2,15,6,12,9,4,2,3,3,3,8,2,3,1,6,10,3,0,1,1,6,0,1,5,3,6,14,12,10,4,5,2,9,12,6,6,6,6,2,0,3,4,4,7,2,4,12,17,4,3,6,6,8,3,4,6,28,22,10,8,18,24,3,9,18,5,9,11,8,12,3,6,5,13,3,3,8,18,4,10,5,4,12,3,2,2,5,5,3,3,3,12,10,19,8,4,0,7,2,5,104,110
성폭력,259,260,237,202,310,260,255,207,210,122,281,281,279,504,193,412,329,229,451,298,498,523,896,475,221,45,51,56,78,410,153,140,119,269,138,115,70,151,124,162,78,173,199,84,68,203,173,305,87,159,27,292,352,232,375,441,138,41,149,97,201,93,241,204,222,138,357,193,95,103,87,296,81,96,584,934,624,397,359,449,513,181,298,577,151,503,430,235,311,157,135,236,432,169,148,158,382,115,275,160,144,288,122,117,101,171,161,126,66,48,448,364,157,150,126,103,115,65,54,3107,1599
폭행,859,807,783,598,822,924,924,812,814,584,1050,895,587,934,909,1195,1128,764,1210,705,1291,1090,1780,1435,991,311,332,349,272,1340,529,417,514,738,578,372,234,598,476,541,351,492,799,590,474,963,745,1038,392,474,150,1311,1346,620,1502,1795,729,125,49,371,771,476,1138,934,724,534,1331,705,577,514,368,953,379,374,2385,2988,1943,1280,1281,1740,2110,795,871,2282,825,2241,1923,814,1592,784,705,518,1182,582,566,741,1690,452,1267,675,517,1172,486,430,334,573,591,534,257,196,1427,1451,932,759,692,379,324,260,138,12320,5925
상해,144,152,92,113,137,114,132,104,154,85,118,169,86,133,97,163,162,103,168,112,121,102,327,151,134,97,97,131,84,437,199,181,202,244,228,134,140,184,159,182,145,161,245,183,171,288,216,393,137,131,53,321,284,190,374,309,108,44,12,120,165,92,285,177,124,134,306,180,135,146,108,260,143,209,364,429,419,363,260,704,788,155,445,384,315,346,454,211,234,130,179,249,403,241,197,265,424,209,448,220,76,281,168,114,120,162,222,192,107,85,228,221,159,214,121,90,141,138,101,3675,2990
협박,79,103,104,119,139,144,165,120,126,94,168,155,115,166,144,255,164,132,215,108,213,179,271,227,140,29,51,56,36,206,103,82,80,166,98,62,90,110,80,109,51,54,157,94,65,154,137,184,74,78,20,292,177,118,213,247,124,33,4,49,127,48,140,110,123,94,220,116,83,75,66,149,56,68,405,540,380,205,232,275,344,163,125,402,192,451,426,129,198,83,102,127,251,166,113,169,351,76,200,129,75,226,63,63,51,85,154,107,63,40,311,353,178,137,108,90,77,44,37,2648,1355
공갈,30,19,20,24,16,39,33,32,37,32,30,35,31,38,30,39,34,29,38,53,28,69,98,89,45,4,14,17,14,41,23,28,19,47,24,25,19,36,15,17,24,6,29,24,14,20,36,40,17,31,16,92,79,90,73,67,55,9,3,15,18,14,50,27,25,19,58,45,19,15,12,18,9,15,126,159,65,65,48,91,124,28,47,90,34,76,73,23,84,32,22,73,74,37,37,29,54,19,80,23,18,49,14,34,19,28,43,20,21,6,81,76,42,44,13,8,22,4,15,736,286
약취와 유인,1,1,5,0,0,2,0,1,2,0,0,1,4,6,0,1,4,1,2,2,4,8,5,4,0,0,0,0,0,0,1,2,0,1,2,1,1,3,1,0,0,0,1,0,0,4,0,1,0,0,0,0,1,8,5,5,0,0,0,2,1,0,3,3,2,1,1,4,1,1,1,2,0,1,8,4,6,1,5,4,2,1,5,1,1,3,4,2,3,0,1,4,2,0,0,4,3,3,1,0,1,6,0,1,0,3,2,0,0,0,3,3,4,1,1,0,2,3,0,30,9
체포와 감금,7,9,10,0,10,10,7,15,6,6,6,2,8,15,10,16,10,17,8,7,17,14,35,13,15,2,0,4,2,20,4,4,3,14,6,5,4,5,7,2,4,4,12,3,3,9,4,14,6,6,2,12,26,7,22,21,10,3,0,5,18,5,25,12,6,5,12,12,4,1,5,19,4,4,24,33,18,22,10,27,19,5,15,28,12,30,14,8,11,11,12,11,19,5,11,11,19,5,15,9,2,17,5,4,2,5,11,6,0,3,14,6,15,11,0,7,7,4,1,132,85
폭력행위등(손괴·강요·주거침입등),8,12,8,6,11,2,6,14,4,3,6,18,2,8,7,13,8,4,12,10,7,7,19,11,4,2,1,2,3,9,12,9,2,8,9,5,0,6,1,1,3,5,9,2,5,3,3,14,3,9,1,19,11,4,15,13,8,1,1,4,8,7,12,6,9,3,10,4,0,11,7,9,3,6,25,29,19,13,10,34,27,8,18,24,5,17,17,7,5,11,10,10,15,13,4,8,11,4,7,9,2,18,5,3,3,5,12,6,11,3,27,6,10,12,14,7,1,0,1,123,72
폭력행위등(단체등의구성·활동),0,0,3,0,0,1,1,0,0,1,0,0,0,1,0,1,2,0,0,0,0,0,1,0,0,0,0,1,0,1,0,0,0,0,0,0,0,1,0,1,0,2,0,1,0,0,0,1,0,1,0,0,2,0,0,1,1,0,0,0,2,0,1,3,0,0,0,0,1,0,0,0,1,0,2,0,0,7,2,22,0,0,2,3,0,0,0,1,0,1,5,3,1,0,0,0,4,1,1,0,2,2,0,3,0,1,0,0,0,0,0,1,2,0,5,1,0,1,0,19,9
위조(통화),8,14,4,1,8,8,6,1,0,0,2,5,1,3,4,3,4,3,7,7,1,5,20,7,5,2,0,0,0,3,0,3,1,2,2,1,2,2,1,2,1,1,3,0,0,4,1,0,0,3,0,1,3,0,2,3,3,1,0,1,2,1,2,1,1,3,3,0,0,0,0,3,0,0,10,7,6,2,4,4,2,0,7,4,4,6,2,3,6,2,0,1,10,2,6,4,4,6,1,1,1,6,0,13,5,0,6,0,0,0,4,3,0,4,1,3,0,0,0,23,15
"위조(유가증권,인지,우표)",1,3,0,1,2,1,3,2,0,0,0,1,3,1,0,1,0,0,6,0,1,4,6,0,0,0,0,0,0,1,1,0,0,0,1,1,0,0,0,0,0,0,0,0,0,0,0,1,0,0,0,1,1,2,1,0,0,1,0,0,0,0,0,0,0,1,0,0,0,0,0,0,0,1,1,2,2,3,0,2,0,0,0,2,0,0,0,0,0,0,0,0,0,0,0,0,1,0,2,0,0,0,0,0,0,0,0,0,0,0,1,1,2,0,0,0,0,0,1,7,6
위조(문서),99,97,60,63,72,70,52,50,70,53,77,81,41,128,74,109,87,57,102,54,87,271,282,184,74,42,35,37,33,114,75,46,37,130,75,45,50,85,27,50,45,61,57,36,32,64,156,100,39,34,11,94,101,55,77,92,35,25,3,80,77,38,89,60,43,27,111,59,38,30,23,247,19,36,174,228,175,138,85,207,246,42,98,166,74,229,170,93,108,78,152,98,117,58,78,63,144,66,140,51,25,108,34,33,29,47,53,61,28,29,151,121,112,77,31,26,47,18,43,1794,908
위조(인장),5,3,1,5,0,3,3,4,3,2,5,0,5,6,0,1,1,0,3,1,2,13,5,2,0,1,1,2,0,1,2,0,3,3,6,0,1,3,2,3,1,0,4,1,3,5,5,2,5,6,1,4,6,7,4,3,3,1,0,1,5,1,5,6,2,1,3,2,2,3,2,2,3,3,6,11,3,2,2,5,14,1,1,7,0,9,1,6,3,1,47,5,2,6,2,0,7,0,12,2,2,4,0,3,0,2,6,6,4,0,7,4,3,4,2,3,3,1,3,70,147
직무유기,13,23,6,6,3,6,5,8,7,7,5,9,6,10,12,15,11,7,17,10,13,42,10,17,6,3,3,7,4,26,5,9,4,16,11,10,11,25,4,8,5,3,6,4,4,2,14,5,2,9,0,7,20,5,17,10,4,8,2,10,9,2,15,8,7,7,15,4,2,10,1,14,2,3,16,18,12,18,10,27,38,2,17,11,17,11,8,16,7,5,10,11,7,19,6,9,3,5,9,13,0,7,3,6,7,3,5,3,9,4,6,7,2,9,2,4,7,2,6,209,141
직권남용,29,28,14,6,1,11,4,11,4,2,4,8,10,30,12,9,7,4,16,15,25,41,19,30,4,7,5,6,6,29,19,9,2,16,6,7,7,26,1,10,2,2,0,1,0,11,27,8,0,8,0,2,30,6,14,8,12,3,0,24,8,3,17,5,1,2,26,9,3,11,1,12,0,7,18,30,21,28,21,31,33,2,16,21,12,9,12,14,10,7,10,9,9,16,11,8,12,4,5,21,4,8,13,5,1,2,6,1,10,8,2,10,3,13,6,2,2,1,8,202,128
수뢰,3,0,5,3,0,4,1,0,0,0,2,4,1,7,0,2,1,0,5,2,0,8,15,7,2,0,0,1,2,5,1,1,1,11,1,1,5,4,0,6,0,1,1,0,0,0,2,1,0,2,1,8,2,3,0,0,2,2,160,3,1,2,3,1,0,1,6,5,0,1,0,6,3,1,4,2,45,7,1,3,2,1,2,3,1,8,5,6,5,0,1,1,5,0,1,3,1,2,3,5,2,7,2,0,4,1,1,0,2,0,1,1,2,2,0,0,2,1,1,64,47
증뢰,1,3,4,1,1,3,0,0,0,0,0,0,1,0,0,0,2,0,8,0,1,1,3,0,0,0,0,0,0,2,2,0,0,1,0,0,2,4,0,0,0,0,0,0,0,0,0,0,0,0,0,6,0,0,0,2,0,0,1,0,3,0,0,0,0,0,2,1,0,0,0,1,0,0,0,0,14,1,1,1,1,0,0,0,0,2,0,1,1,0,2,0,1,0,0,0,0,0,0,0,0,1,0,1,2,0,0,0,0,0,0,1,0,0,0,0,0,0,1,28,5
도박과 복표,48,18,30,14,41,33,61,16,17,17,18,20,73,76,19,24,16,19,37,32,41,19,129,21,26,7,7,10,6,24,12,14,7,34,16,107,12,99,4,117,1,5,19,30,15,19,54,22,11,15,4,54,31,16,77,41,20,2,1,6,26,12,19,39,19,28,66,17,10,21,2,163,3,9,65,1342,103,42,159,90,64,17,32,48,20,52,54,75,76,28,24,19,52,33,132,28,37,19,19,26,9,28,9,23,32,14,22,12,14,12,33,38,17,13,15,14,9,10,3,724,396
신앙,1,2,0,0,1,0,0,2,0,1,1,0,0,1,0,2,0,0,0,4,1,0,0,0,0,0,0,0,0,1,0,1,0,0,2,0,0,0,0,0,0,0,0,0,0,0,1,0,0,0,0,0,0,0,0,1,0,1,0,0,0,0,8,1,0,1,0,1,0,0,0,0,1,2,0,1,0,1,1,2,4,0,0,2,4,3,3,2,1,3,5,0,3,8,4,3,1,1,2,3,0,3,1,0,2,1,1,2,4,1,1,0,6,0,2,1,0,0,1,51,81
기타 음란행위,14,20,22,16,29,20,24,25,11,12,18,19,21,32,18,30,20,17,45,18,42,25,39,26,17,4,6,5,5,26,13,11,14,23,7,17,5,10,13,18,5,11,17,10,8,24,10,38,4,9,4,24,28,27,36,31,21,3,0,14,19,6,17,14,18,14,46,22,7,9,7,32,7,6,60,79,51,28,39,31,47,31,13,59,13,44,31,17,25,9,16,17,40,12,12,16,30,8,20,12,16,26,3,10,4,16,12,5,4,2,38,38,17,15,20,12,2,1,4,180,72
과실치사상,20,13,13,17,23,32,15,14,11,9,31,17,9,28,20,23,23,14,12,18,14,21,33,33,22,5,3,5,6,34,8,8,10,21,12,10,7,16,18,12,9,12,15,10,11,21,11,26,6,6,3,21,19,14,19,38,9,8,2,6,8,5,11,6,13,10,20,11,10,6,3,11,3,8,47,52,43,26,17,37,44,20,10,23,12,54,42,13,41,17,10,9,20,9,22,25,28,9,27,10,5,39,9,8,14,11,10,9,8,3,39,34,24,14,17,8,6,9,15,319,238
업무상 과실치사상,28,25,11,15,9,9,12,10,9,8,15,20,12,20,22,21,15,20,17,10,14,33,99,29,29,9,16,14,12,30,12,21,14,31,25,7,25,23,16,9,18,18,8,9,8,12,17,25,24,22,2,48,16,22,34,15,8,6,9,15,12,7,29,23,10,9,20,17,5,1,7,20,4,30,47,47,23,29,23,43,49,9,23,41,12,62,43,16,23,11,24,12,17,55,6,11,78,21,38,11,9,38,23,16,7,12,15,36,11,6,60,29,41,23,24,15,16,5,9,479,385
실화,15,24,9,4,7,6,17,10,11,7,18,11,19,13,20,14,11,4,31,12,17,14,73,17,9,2,3,11,3,17,9,5,3,23,11,4,8,4,3,3,2,4,9,2,1,20,5,21,7,5,1,34,11,11,21,8,15,5,4,4,14,6,13,14,4,6,14,13,3,7,10,9,8,9,35,57,19,19,18,69,26,16,19,39,10,32,46,10,24,24,25,22,60,14,6,19,34,23,19,9,8,29,10,5,2,22,31,7,14,2,41,24,26,17,14,9,6,5,5,294,196
명예,206,350,157,320,211,226,168,222,156,221,265,272,200,340,263,420,240,157,386,227,341,360,738,536,190,48,108,82,62,355,179,243,149,290,224,254,96,177,105,158,187,86,153,98,88,152,241,191,118,139,35,339,318,231,300,273,174,51,10,123,197,115,249,190,184,118,312,130,78,103,72,185,83,87,564,759,745,344,245,411,488,201,175,390,213,624,360,239,274,147,155,190,336,160,180,161,355,114,246,124,165,287,65,73,50,134,96,138,93,64,471,212,238,192,96,64,85,34,66,3878,1596
권리행사 방해,22,37,24,28,19,38,27,13,22,16,29,27,18,31,22,46,29,37,46,25,35,50,97,40,34,10,7,19,23,76,25,28,26,58,30,21,13,35,13,14,27,16,31,21,21,43,37,53,35,20,7,79,71,35,68,46,24,4,2,23,51,26,45,50,45,34,71,35,22,34,12,46,14,38,82,134,81,85,38,131,107,11,59,81,40,84,86,46,42,38,33,64,101,39,26,38,108,37,97,36,19,72,25,20,17,39,41,50,18,15,75,62,55,47,31,20,28,13,21,1033,497
신용업무 경매,171,151,102,98,101,195,175,92,144,56,132,131,100,175,109,161,164,122,302,90,210,168,361,186,117,66,52,75,48,210,93,70,95,187,87,49,41,67,60,67,51,56,90,112,64,84,73,117,43,101,29,231,177,66,178,191,126,37,8,91,146,69,153,96,90,82,127,88,36,48,60,154,52,59,330,438,360,145,177,243,368,90,99,290,100,298,359,140,149,72,73,101,183,134,79,197,212,76,160,75,60,185,76,46,46,65,103,82,52,18,177,180,146,101,68,78,43,27,22,1821,965
주거 침입,112,94,157,98,185,140,145,107,110,81,169,97,130,211,131,172,151,135,218,164,345,183,366,195,138,21,30,41,26,190,101,113,96,110,76,64,46,51,91,54,44,35,106,95,92,123,92,160,43,84,30,256,423,71,184,217,137,36,9,41,72,60,90,72,95,85,110,79,50,51,27,114,44,53,363,439,275,205,153,270,338,76,110,287,146,289,457,105,210,86,198,93,195,90,84,162,275,63,149,69,57,155,71,67,77,124,118,72,43,37,194,194,151,101,110,41,71,44,39,2001,1157
비밀침해,0,1,2,0,2,0,0,1,1,1,0,0,0,1,1,2,0,0,2,0,1,6,4,1,0,0,0,0,0,1,0,1,0,0,0,0,0,0,1,1,0,0,0,0,0,0,2,0,0,2,1,0,1,2,0,3,0,0,0,0,1,0,1,0,0,1,2,1,0,0,0,1,0,0,2,4,0,2,1,3,1,4,1,1,2,3,0,2,2,0,1,0,2,1,0,1,2,1,4,0,0,1,0,0,0,1,0,1,2,0,1,0,0,1,0,0,0,0,0,19,8
유기,3,1,1,2,2,0,4,4,0,1,6,1,1,1,1,2,0,2,1,0,75,2,7,0,3,0,1,0,3,0,0,0,2,2,0,2,1,1,2,1,0,1,1,0,2,2,2,2,3,1,0,6,1,2,1,6,2,0,1,4,1,0,1,1,2,0,2,2,1,4,0,1,0,0,1,5,0,4,2,1,0,0,0,5,0,3,2,3,3,0,0,4,4,2,1,2,0,0,0,0,2,0,1,0,4,1,0,1,0,0,0,3,0,0,2,0,0,1,0,21,8
교통방해,5,2,0,0,4,2,1,3,1,1,2,7,2,6,1,2,2,1,2,8,3,4,3,1,2,0,1,1,0,3,6,0,1,4,3,2,5,1,0,0,2,0,4,5,3,7,5,7,3,2,2,5,5,7,6,6,3,14,3,3,3,2,4,12,1,2,3,4,3,1,4,2,11,5,7,10,12,2,0,34,14,4,8,10,6,22,16,1,5,9,57,6,18,19,11,21,20,10,7,5,1,19,10,7,12,6,12,7,13,8,18,9,18,10,8,3,12,8,11,279,403
공무방해,103,70,75,31,64,76,90,40,89,43,56,63,58,101,52,147,65,51,137,42,141,89,147,92,57,24,23,40,23,132,52,50,52,90,67,34,11,42,35,48,20,53,63,60,33,64,56,111,29,54,10,107,110,45,108,111,37,17,1,37,54,22,70,55,45,58,105,54,23,52,31,138,23,41,164,186,155,71,72,133,197,30,87,122,89,115,204,51,88,36,72,82,157,75,108,72,148,38,123,47,22,76,58,30,30,34,59,62,18,28,70,55,48,89,43,31,44,38,17,919,548
도주와 범인 은닉,0,0,1,1,1,1,0,1,0,1,1,2,1,1,1,2,2,0,3,1,0,4,4,1,1,0,0,0,0,3,0,2,0,1,0,0,1,3,0,0,0,2,0,0,2,3,2,3,0,11,0,1,2,1,3,1,0,1,0,1,1,0,3,1,1,0,3,4,0,0,1,2,0,0,1,4,2,7,0,5,4,0,2,9,0,1,4,2,4,0,1,0,5,4,0,1,1,2,1,0,0,3,0,0,2,0,0,5,0,2,0,0,1,1,1,0,2,0,0,48,23
위증과 증거인멸,5,2,4,2,8,4,2,5,4,68,3,2,2,47,38,8,10,3,4,1,3,173,15,77,6,0,1,1,0,3,7,4,2,28,2,2,23,59,1,2,2,1,7,0,3,3,79,27,0,1,0,5,64,1,3,2,2,5,0,59,3,0,10,2,0,2,48,0,0,3,4,20,0,1,31,83,40,50,23,17,37,1,15,36,12,39,22,15,46,2,14,2,16,2,14,22,32,3,10,42,0,11,12,4,7,0,0,17,9,9,4,3,4,2,1,2,14,5,7,124,84
무고,37,33,23,28,29,49,15,27,17,49,33,35,21,71,69,45,29,16,41,33,39,135,120,85,32,10,11,12,6,50,27,38,11,45,29,19,21,61,5,20,10,7,11,11,11,18,64,34,27,18,5,30,53,22,27,23,16,13,2,32,18,9,42,36,17,12,54,19,6,10,3,30,4,7,63,108,76,61,37,55,75,22,11,46,36,72,70,50,60,16,22,21,41,23,29,37,39,13,46,26,9,50,16,15,15,16,15,18,16,18,69,30,35,14,12,7,14,5,18,483,344
공안을 해하는 죄,7,4,3,2,0,0,6,1,0,1,0,1,7,6,14,0,2,0,2,1,2,6,1,2,0,0,0,0,0,1,0,0,0,1,0,0,0,0,0,0,0,0,0,1,1,1,2,0,1,5,0,1,1,1,0,1,1,0,0,0,1,1,0,0,2,1,1,0,0,0,0,3,0,0,0,4,0,0,0,0,0,0,0,18,0,1,1,2,2,1,0,0,1,0,4,0,0,0,4,1,0,0,0,0,0,0,0,1,0,0,0,3,1,0,0,1,0,0,0,45,19
내란의 죄,5,0,0,0,0,0,0,0,0,0,0,0,0,5,0,0,0,0,0,0,0,1,0,0,0,0,0,0,0,0,0,0,0,0,0,0,0,0,0,0,0,0,0,0,0,0,0,0,0,0,0,0,0,0,0,0,0,0,0,0,0,0,0,0,0,0,0,0,0,0,0,0,0,0,0,0,0,0,0,0,0,0,0,0,0,0,0,0,1,0,0,0,1,0,0,0,0,0,0,0,0,0,0,0,0,0,0,0,0,0,0,0,0,0,0,0,0,0,0,3,1
음용수에 관한 죄,0,1,0,0,0,0,0,0,0,0,0,0,0,0,1,0,0,0,0,0,0,1,0,0,0,0,0,0,0,0,0,0,0,0,0,0,0,0,0,0,0,0,0,0,0,0,0,0,0,0,0,1,0,0,0,0,0,0,0,0,0,0,1,0,0,0,0,0,0,0,0,0,0,0,0,0,0,0,0,0,0,0,0,0,0,0,0,0,1,0,0,0,2,0,0,0,1,0,0,0,0,0,0,0,0,0,0,1,0,0,0,0,1,1,0,0,0,0,0,3,12
일수와 수리에 관한 죄,0,0,0,0,0,0,0,0,0,0,0,0,0,0,0,0,0,0,0,0,0,0,0,0,0,0,0,0,0,0,3,0,0,0,0,0,0,0,0,0,0,0,0,0,0,0,0,0,0,0,0,0,0,0,0,0,0,0,0,0,0,0,0,0,0,0,0,0,0,0,0,0,0,0,0,0,0,0,0,0,0,0,0,0,0,0,0,0,0,1,1,0,1,0,0,0,0,0,0,0,0,0,0,0,0,0,0,0,0,0,0,0,0,0,0,0,0,0,0,6,3
기타 형법,5,0,0,0,1,0,0,0,0,0,0,0,0,0,0,1,0,0,0,0,0,2,0,1,0,0,0,0,0,0,0,0,0,0,0,0,0,0,0,0,0,0,0,0,1,0,0,0,0,0,0,0,0,0,0,0,0,0,0,0,0,0,0,0,0,1,0,0,0,0,0,0,0,0,0,0,0,0,0,0,0,0,0,1,0,0,0,0,0,0,1,0,0,0,0,0,0,0,0,0,0,0,0,0,0,0,0,0,0,0,0,0,0,0,0,0,0,0,0,1,1
가정폭력범죄의 처벌 등에 관한 특례법,7,9,13,3,6,12,8,3,9,9,29,12,8,11,9,5,5,5,10,0,11,9,5,15,12,0,4,0,0,3,5,0,7,4,4,1,1,5,0,6,2,1,4,4,1,13,5,23,7,3,0,11,13,7,19,3,5,1,0,6,4,2,9,5,13,15,19,9,4,1,4,2,4,0,31,17,22,7,15,15,17,10,5,41,2,17,23,9,6,1,2,16,12,3,4,3,12,5,14,11,6,5,0,1,3,4,6,17,3,0,13,20,12,2,7,3,14,3,1,105,59
가축분뇨의관리및이용에관한법률,0,0,0,0,0,0,0,0,0,0,0,0,0,0,0,0,0,0,0,0,0,0,0,0,0,0,0,0,0,0,0,0,0,0,0,0,1,0,0,0,1,0,0,0,0,0,0,2,4,0,0,0,0,0,1,0,3,1,0,0,0,0,0,0,0,0,2,0,0,0,0,0,0,3,0,0,0,18,0,1,1,1,3,0,4,4,18,0,0,55,4,4,29,2,6,1,12,7,25,4,0,12,0,8,1,10,15,2,4,23,4,0,4,2,14,0,4,2,10,234,269
감염병의예방및관리에관한법률,148,81,43,53,39,44,31,27,93,15,47,56,34,63,39,67,58,30,103,55,155,120,223,118,85,22,14,17,28,71,24,43,26,324,28,25,19,31,41,49,7,164,27,50,31,67,49,139,9,23,1,100,130,50,88,86,65,6,0,17,36,8,49,14,10,10,38,21,8,32,21,92,9,9,183,176,267,35,126,98,81,38,48,149,60,129,90,50,42,14,28,16,82,47,22,65,50,12,79,39,23,41,11,6,10,23,65,34,18,6,58,105,27,45,16,44,29,26,10,489,291
개발제한구역의 지정 및 관리에 관한 특별조치법,2,0,0,0,0,0,2,0,1,2,1,0,0,0,0,0,3,0,0,0,0,1,21,0,0,0,0,0,0,0,0,0,0,7,0,7,8,0,0,0,28,0,5,0,0,5,0,0,1,0,0,4,0,2,24,1,25,0,0,0,1,0,0,0,1,2,1,1,1,1,1,1,4,1,2,1,7,0,5,0,12,0,0,15,0,59,0,0,9,0,0,0,0,0,0,0,0,0,19,0,1,34,0,0,0,1,0,0,0,0,2,6,0,5,0,39,0,0,0,73,37
개인정보보호법,24,27,23,5,14,7,4,13,15,20,13,24,9,25,16,15,23,27,46,18,20,38,65,31,16,4,6,9,3,34,16,22,9,28,8,10,5,20,4,12,8,7,4,3,7,13,14,8,7,9,0,21,24,24,18,21,13,4,2,10,26,9,16,20,11,9,23,7,3,3,3,9,5,7,26,41,39,31,18,22,38,14,14,18,16,25,22,13,19,10,13,10,33,11,11,11,17,46,19,10,8,28,10,6,8,11,6,7,2,4,32,13,10,31,8,7,8,1,10,234,122
건강기능식품에관한법률,1,0,0,2,1,2,0,1,0,0,3,1,2,4,2,0,3,2,1,0,11,5,5,0,1,0,0,1,0,2,0,1,0,0,0,1,1,0,1,0,0,1,0,0,0,0,0,3,1,0,1,4,6,0,3,0,1,1,0,0,0,0,0,2,0,1,1,0,0,0,0,0,0,0,4,10,6,0,2,0,8,6,1,6,0,2,0,0,1,0,0,0,2,1,5,0,1,1,0,0,2,1,0,0,0,0,0,0,0,0,3,0,0,7,2,0,0,0,0,24,9
건설기계 관리법,1,0,0,2,0,1,0,0,0,1,0,0,0,1,0,1,0,0,0,1,0,2,0,0,1,0,0,0,0,0,0,0,0,0,0,0,5,1,0,0,1,0,1,0,0,1,1,0,0,2,1,11,1,0,2,0,1,1,0,1,0,0,0,1,1,0,1,0,0,1,0,2,1,2,0,2,1,0,1,3,0,3,0,3,1,8,3,0,2,2,2,3,6,0,1,6,7,1,7,3,0,4,0,2,3,1,3,2,0,1,8,4,6,2,4,0,2,4,1,69,54
건설산업 기본법,3,4,5,5,2,4,2,0,0,2,8,2,2,3,5,5,3,1,10,7,4,8,15,10,6,1,4,2,1,3,2,5,0,15,1,5,1,3,2,1,4,2,2,0,2,2,3,3,0,2,1,1,0,9,4,1,1,1,1,1,4,0,2,2,2,1,2,4,0,2,1,6,4,5,8,14,8,10,6,9,27,2,2,20,3,19,15,2,3,1,3,3,3,3,2,5,8,2,5,3,3,8,4,2,1,3,5,3,0,1,11,4,8,6,3,2,0,0,4,102,52
건축법,2,4,2,19,39,6,25,1,3,7,1,1,6,28,14,13,14,6,7,20,6,6,3,8,2,3,1,4,3,1,3,1,9,14,11,21,20,11,2,4,3,2,2,0,0,1,5,1,1,13,8,8,2,21,1,1,33,20,6,3,4,0,2,1,23,1,11,17,1,0,1,2,1,3,24,11,78,20,0,77,9,0,15,5,2,21,41,4,3,19,3,2,56,0,45,34,26,10,12,2,1,15,10,11,12,11,68,0,5,1,102,15,7,5,22,0,7,26,14,624,336
게임산업진흥에관한법률,5,6,5,8,5,6,12,3,6,15,5,12,11,13,10,10,23,13,7,20,17,4,12,5,11,12,4,3,7,22,6,12,10,19,14,7,8,23,7,16,5,3,41,20,13,17,9,45,6,2,0,20,27,3,30,20,8,1,1,11,31,20,34,25,12,17,28,19,3,17,18,34,12,6,45,47,38,43,22,96,56,11,28,49,17,28,26,30,13,22,22,38,37,26,17,22,44,11,32,25,5,30,20,20,22,14,29,22,7,4,65,40,18,18,9,12,21,13,3,364,222
결혼중개업의관리에관한법률,0,4,0,0,1,0,0,3,1,0,0,0,0,0,0,2,0,0,0,1,0,1,0,0,0,0,0,1,0,2,0,0,0,0,1,0,0,0,0,0,0,0,0,0,1,0,0,0,0,0,0,0,0,0,3,0,0,0,0,0,0,0,0,0,0,0,0,0,0,0,0,0,0,0,1,0,0,1,0,3,0,1,0,2,0,0,0,0,0,0,0,0,0,0,0,1,0,0,1,0,0,0,0,0,0,0,0,0,0,0,0,0,0,0,0,0,0,0,0,7,1
경범죄처벌법,90,61,50,33,47,76,108,59,109,51,124,72,65,62,63,106,91,67,143,24,119,44,82,95,52,10,13,21,13,77,29,34,34,67,27,36,7,46,31,22,6,24,43,45,33,36,27,93,11,19,7,174,79,44,86,109,42,5,1,24,44,5,57,18,37,40,52,24,21,18,20,35,14,14,221,287,162,65,94,53,117,57,50,172,37,113,101,66,80,9,19,47,71,37,78,43,92,11,52,35,19,48,12,15,16,19,13,16,14,16,81,56,27,34,26,16,9,9,9,627,182
고용보험법,2,30,3,4,2,2,3,1,1,3,96,3,2,34,14,28,29,21,17,3,20,11,33,78,5,2,0,1,2,24,2,4,21,8,14,3,8,6,21,0,2,5,5,3,2,10,11,26,2,6,6,33,25,7,109,14,65,3,1,4,5,1,68,20,0,0,58,2,2,0,2,125,0,1,39,27,65,18,66,51,82,16,52,114,36,47,39,12,67,11,14,19,53,15,20,10,24,29,46,11,5,51,8,29,9,5,6,16,3,0,16,42,20,16,11,14,11,21,4,364,91
공유수면관리및매립에관한법률,0,0,0,0,0,0,0,0,0,0,0,0,0,0,0,0,0,0,0,0,0,0,0,0,0,1,0,0,1,0,0,0,0,2,1,0,1438,0,0,0,6,0,0,0,0,0,0,0,0,6,0,0,0,248,0,0,0,2,0,0,0,0,0,0,0,0,0,0,0,0,1,0,0,2,0,0,1,0,0,2,1263,0,0,17,0,1,8,1,0,0,1,0,1,2,0,0,0,3,0,2,0,3,1,0,2,0,0,3,0,0,0,2,0,0,0,0,0,0,0,38,2068
공유재산및물품관리법,0,0,0,0,1,0,0,0,0,0,0,0,0,0,0,0,0,0,0,0,0,0,0,0,0,0,0,0,0,5,0,0,0,18,1,0,0,0,0,2,1,0,0,0,0,1,0,0,0,0,0,0,0,1,0,1,0,0,0,0,0,0,0,0,0,0,0,0,0,0,0,0,0,0,0,1,0,2,4,1,3,0,0,4,0,2,3,0,0,0,0,0,0,0,0,0,2,0,0,1,0,0,3,2,1,1,0,0,0,0,0,0,0,0,0,0,0,0,0,8,14
공인중개사법,12,3,4,1,4,1,3,6,1,4,1,8,4,2,5,15,2,2,5,0,23,11,17,16,4,6,1,3,1,6,4,7,0,7,6,4,4,11,7,4,4,4,7,4,2,9,9,25,9,0,0,7,5,8,11,6,3,1,0,4,6,1,4,7,1,1,10,1,1,2,0,7,1,2,9,18,25,4,6,8,27,7,9,6,3,8,12,1,5,7,5,7,14,6,2,12,25,1,13,2,0,18,1,2,1,4,6,6,1,3,20,8,10,6,4,0,3,0,2,147,73
공중위생관리법,17,33,65,0,9,8,8,0,0,1,2,3,2,160,6,7,1,0,6,2,6,31,39,13,2,2,1,3,5,35,1,8,2,61,2,3,3,2,245,5,7,19,12,0,0,1,4,6,0,64,4,5,3,12,2,5,4,7,8,6,14,6,11,20,1,5,4,4,2,0,0,2,3,3,11,3,4,12,4,4,10,2,4,9,4,17,213,2,3,3,3,0,8,9,6,4,6,5,4,2,0,8,13,0,0,1,1,11,1,0,8,5,3,8,1,0,3,1,0,192,69
공직선거법,27,5,4,0,4,2,0,3,3,7,8,5,3,12,4,4,3,3,21,2,3,8,13,5,3,3,2,3,0,11,0,0,3,1,3,0,2,10,4,1,1,4,0,0,1,0,2,0,0,0,0,0,2,0,0,0,0,0,0,2,3,0,2,0,0,1,0,0,1,1,1,4,0,1,1,2,6,0,0,0,3,0,0,0,1,0,0,3,0,0,0,1,0,2,0,2,0,0,0,9,1,3,2,0,0,0,0,0,1,0,0,0,0,1,1,1,0,0,3,34,33
관세법,1,4,0,1,0,0,0,0,0,0,1,0,0,1,1,0,0,1,0,0,0,2,3,1,2,7,1,1,1,0,0,0,1,0,0,1,9,1,0,0,1,0,0,0,1,1,1,0,1,153,1,3,6,4,0,0,0,0,0,0,0,0,0,0,0,0,0,0,0,0,0,1,0,0,0,0,4,0,1,1,5,0,1,1,0,3,1,0,1,0,8,0,0,2,0,0,5,1,6,0,0,2,0,1,0,3,1,0,0,0,0,1,1,2,0,0,0,1,0,43,3
교통사고 처리특례법,565,629,701,781,683,1020,1015,950,755,464,1076,699,713,853,1009,1063,991,645,1589,960,1132,1572,2688,2152,872,187,340,368,258,1177,729,569,459,789,679,662,651,515,519,548,436,475,1228,756,566,1590,1680,2208,644,388,98,1231,726,449,1018,1047,516,145,22,515,1518,601,1758,1853,871,811,1874,1553,689,477,376,881,576,577,2684,3788,2863,1693,1018,3256,2070,797,2003,2995,552,2524,2093,1106,1391,772,861,1146,2219,1057,1066,1327,2315,936,1518,925,522,1596,565,945,587,750,900,575,376,245,2915,1833,1341,1043,985,581,490,548,231,18623,10819
국가기술자격법,1,0,0,0,0,0,0,0,0,0,0,0,0,1,0,0,0,0,0,0,2,0,0,0,0,0,0,1,0,0,1,0,0,0,0,0,0,1,7,0,0,0,0,0,0,0,2,0,0,0,0,0,0,0,0,0,1,0,0,0,0,1,0,0,0,1,0,0,0,0,0,0,0,0,1,0,5,0,0,1,0,0,0,1,0,3,0,0,0,0,0,0,0,0,0,1,0,0,1,2,0,1,0,0,0,0,0,2,0,0,0,0,0,1,0,0,1,0,0,7,6
국가보안법,11,2,1,0,0,0,1,0,0,0,0,0,3,5,1,0,0,0,6,6,1,3,0,0,1,0,0,1,0,0,0,0,0,1,0,0,0,0,0,0,0,0,0,0,0,0,0,0,0,1,0,0,3,1,0,0,0,0,1,0,0,0,0,0,0,0,0,0,0,0,1,0,1,0,1,1,1,0,1,9,0,0,0,0,0,0,0,0,0,0,0,0,1,0,0,0,0,0,0,0,0,0,0,3,1,1,0,0,0,0,1,0,2,0,0,0,0,0,0,6,4
국민체육진흥법,14,0,2,1,0,0,1,0,4,61,2,8,1,0,2,2,0,0,1,2,4,3,12,1,1,2,0,1,1,13,2,4,1,1,1,0,1,12,1,1,1,1,3,1,1,9,3,1,1,2,0,2,3,5,37,0,1,0,0,1,1,1,1,2,0,1,1,1,0,2,0,5,2,2,7,106,3,1,0,2,5,2,1,7,1,1,2,2,13,0,0,9,9,1,2,1,4,3,11,1,0,2,1,0,1,0,0,2,3,1,3,3,3,2,3,1,1,0,0,107,7
국토의계획및이용에관한법률,0,0,0,0,0,0,0,0,0,0,0,0,0,1,0,1,1,0,1,1,6,0,1,1,0,0,3,0,1,0,1,0,0,2,2,1,2,0,1,0,1,0,6,0,0,0,1,0,2,20,0,1,0,5,8,1,0,26,5,1,2,1,1,0,1,0,1,0,0,0,0,1,0,27,1,1,8,5,0,21,16,2,4,10,10,11,4,1,0,5,11,8,17,8,5,15,14,6,34,13,0,35,7,7,11,5,4,8,16,5,109,0,11,13,10,0,6,10,3,391,306
근로기준법,158,192,142,176,142,150,144,124,117,86,123,119,94,298,169,252,251,188,184,117,208,350,940,390,158,59,41,53,33,203,156,140,74,273,89,125,211,110,120,136,142,66,144,67,72,133,107,322,89,157,33,295,197,182,318,163,117,53,23,50,141,49,152,192,62,56,121,99,56,68,56,222,79,191,435,234,337,412,324,339,625,101,231,657,151,395,337,123,286,236,206,169,411,168,172,266,418,242,417,133,105,385,111,170,58,113,230,104,33,42,245,369,268,204,138,98,79,43,57,5591,1337
근로자퇴직급여보장법,57,84,57,95,42,56,42,35,36,23,34,31,34,120,60,92,84,64,64,32,54,122,363,163,51,21,12,17,13,58,44,33,21,68,29,32,55,20,28,42,43,15,34,18,16,32,25,130,31,45,6,78,54,54,93,36,23,5,2,13,39,10,34,52,14,21,27,27,15,13,25,77,29,56,129,65,93,72,117,76,240,43,59,169,37,111,48,34,58,41,65,59,105,38,39,51,117,51,130,31,39,82,12,57,19,40,61,39,10,8,50,100,65,58,18,30,13,16,9,1426,281
낚시관리및육성법,0,0,0,0,0,0,0,0,0,0,0,0,0,0,0,0,0,0,0,0,0,0,0,0,0,0,0,0,4,0,0,0,0,0,2,0,4,0,0,0,1,0,0,0,0,0,0,0,0,1,0,0,0,0,0,0,0,1,6,0,0,0,0,0,0,0,0,0,0,0,0,0,0,1,0,0,0,0,1,0,32,0,59,1,0,1,2,1,0,0,0,0,4,5,0,0,5,1,0,0,0,0,0,0,0,0,0,5,0,0,3,22,0,1,0,0,0,0,0,313,26
노동조합 및 노동관계조정법,4,12,4,3,2,0,4,3,1,0,3,0,2,5,2,6,3,1,5,2,1,4,12,6,3,0,2,1,3,5,0,10,0,1,4,2,8,5,5,5,5,0,11,2,2,1,6,8,4,5,3,5,4,2,4,5,1,0,0,3,0,0,5,4,0,6,2,2,9,3,2,8,5,5,5,3,1,12,2,2,13,3,5,7,7,1,2,1,0,3,2,0,4,5,14,4,5,3,3,2,1,0,8,0,0,2,4,2,3,3,5,7,4,2,0,2,2,0,1,91,19
농수산물유통 및 가격안정에 관한법률,0,0,0,0,0,0,0,0,0,0,0,0,0,0,0,0,0,0,0,0,0,0,0,3,0,2,1,0,0,0,0,0,0,3,0,0,0,0,0,3,0,0,0,0,0,7,0,0,0,0,0,0,1,0,4,5,0,0,0,0,0,0,0,0,0,0,0,0,0,0,0,0,0,0,0,0,0,0,0,0,0,0,0,0,0,0,0,0,0,0,0,0,0,0,0,0,0,0,0,0,0,0,0,0,0,0,0,0,0,0,0,0,0,0,0,0,1,0,0,2,0
농수산물의원산지표시에관한법률,8,5,4,6,8,12,8,4,5,7,7,3,4,8,3,11,3,13,10,4,7,12,27,22,1,4,4,7,1,13,14,13,9,10,5,10,6,4,6,5,5,13,8,8,7,27,15,14,12,13,2,11,16,6,21,13,6,3,1,7,15,12,20,23,13,11,22,9,10,6,2,21,6,6,26,8,32,37,23,48,28,9,21,25,21,24,43,29,21,18,133,12,29,29,36,29,21,16,22,16,11,14,12,14,12,17,12,4,4,3,11,19,20,2,8,6,7,14,6,460,205
농지법,0,0,0,0,0,0,0,0,0,1,0,0,0,0,0,0,0,0,0,1,0,0,0,0,0,0,0,0,0,0,0,0,0,0,0,2,4,0,0,0,3,0,1,0,0,1,4,0,0,1,0,4,0,2,1,0,18,40,2,0,1,0,5,8,0,2,1,3,0,0,0,1,1,11,19,0,4,4,0,5,7,58,4,40,2,128,3,3,1,66,5,8,7,0,0,15,80,9,18,24,0,16,2,4,6,18,14,1,5,2,9,89,23,10,7,7,6,2,6,316,196
대기환경보전법,5,0,0,26,2,15,0,0,2,6,1,1,1,2,7,26,12,14,10,0,3,7,6,3,5,0,0,2,5,0,2,0,0,1,18,7,30,1,1,48,20,0,5,6,0,11,0,6,5,15,5,27,4,4,54,15,8,15,0,2,7,2,7,23,2,7,3,9,8,1,4,13,3,16,28,14,3,7,2,18,81,2,30,26,7,18,18,7,5,21,7,16,22,18,6,5,62,27,129,11,3,24,0,7,7,15,6,9,6,3,97,46,65,7,23,2,7,2,8,1006,358
대부업등의등록및금융이용자보호에관한법률,3,6,0,5,6,6,5,2,5,1,3,10,5,10,2,5,7,9,3,11,12,9,23,11,10,0,5,1,2,14,3,6,4,7,11,4,3,5,1,13,2,4,7,2,4,7,7,9,0,1,0,4,14,3,8,5,8,0,0,6,5,3,10,0,2,2,5,2,1,4,3,16,5,7,19,34,9,3,2,4,8,2,2,6,4,14,18,0,15,3,6,2,4,1,0,5,7,1,21,7,0,5,2,1,2,3,2,1,0,2,4,0,7,6,5,7,5,2,2,74,28
도로교통법,46,32,152,200,145,105,84,92,77,68,133,38,51,215,50,91,58,54,156,98,59,166,224,128,72,9,13,16,9,104,47,46,37,134,46,42,71,19,55,50,68,42,106,29,21,105,56,86,41,106,15,247,64,32,76,66,139,13,2,23,47,26,68,82,38,24,44,33,23,40,60,74,107,191,166,188,210,102,60,174,152,58,73,222,47,212,157,49,90,28,42,87,163,57,59,88,210,53,158,27,33,138,25,44,39,29,79,44,40,10,273,198,91,82,98,70,41,19,36,1406,858
도로교통법(무면허운전),213,72,80,107,56,137,62,135,160,54,81,33,92,168,42,90,133,61,70,82,78,201,249,92,51,26,34,46,40,142,72,88,60,142,99,85,81,44,70,103,68,52,113,120,84,360,120,225,100,71,19,169,214,66,203,209,104,25,8,30,69,77,97,108,55,48,74,72,44,86,79,174,59,199,176,551,173,117,110,398,244,66,165,266,128,159,194,91,148,74,70,150,241,115,98,111,515,122,256,93,51,135,108,62,31,124,147,112,76,36,270,168,157,168,79,43,59,43,22,2229,2199
도로교통법(사고후미조치),21,51,21,15,26,24,21,32,8,17,39,10,16,47,10,22,34,30,41,36,14,191,86,16,12,4,12,35,6,38,11,9,7,22,22,18,15,9,13,6,5,14,72,42,27,38,57,125,29,31,8,65,34,19,69,60,48,27,5,26,97,51,60,106,27,10,16,25,4,28,33,70,62,39,298,312,147,56,54,110,139,80,42,323,19,213,183,55,21,61,38,97,248,71,31,93,230,25,111,48,11,56,24,36,31,11,21,28,60,17,266,352,32,48,83,18,28,14,17,1506,722
도로교통법(음주운전),159,171,331,255,308,261,282,272,430,147,327,324,189,550,292,564,320,231,512,196,467,524,1098,582,288,66,68,116,133,397,352,209,224,395,310,160,305,201,266,304,408,315,598,501,346,715,634,832,476,591,55,783,604,415,937,792,362,125,59,314,883,300,849,1027,375,285,684,550,296,381,430,998,549,666,1875,2297,1663,1328,845,1581,1928,298,1103,1528,721,1651,1410,602,536,513,530,1244,1563,886,460,738,1846,510,1111,851,234,1160,525,410,252,429,810,596,239,174,1358,1590,1157,826,465,332,428,228,186,11335,7982
도로교통법(음주측정거부),6,4,11,5,5,15,8,4,6,1,6,13,8,23,6,23,6,8,9,7,7,30,58,20,7,2,1,6,4,20,12,6,9,15,16,7,12,6,14,7,8,6,14,12,10,17,24,25,16,10,1,29,15,8,12,16,10,7,1,6,22,11,32,34,5,7,13,20,8,7,6,41,13,16,33,63,49,52,17,54,58,15,29,54,36,61,43,19,29,19,14,48,68,34,21,29,46,13,50,26,10,47,14,17,18,27,28,30,5,8,34,60,28,30,19,9,34,12,9,505,404
도로법,2,1,3,4,4,9,0,0,1,0,1,1,7,5,6,2,7,2,10,7,8,9,5,7,3,6,0,7,2,5,5,14,5,1,5,32,77,5,8,4,11,0,15,20,1,20,7,48,30,67,1,183,6,4,59,2,40,1,0,0,1,1,26,30,3,7,6,17,14,0,1,5,3,27,9,32,146,26,6,20,221,8,19,74,15,38,15,4,5,7,39,22,67,5,4,22,89,30,148,21,7,62,39,7,6,19,236,0,3,4,101,146,27,25,17,359,27,12,8,793,380
도시및주거환경정비법,0,2,12,9,0,12,0,10,4,0,8,7,8,6,4,1,4,0,13,4,4,7,15,2,3,1,0,7,1,26,10,8,0,2,4,8,0,9,10,1,0,13,0,4,6,3,17,8,0,0,1,3,9,0,0,5,0,0,0,5,1,0,9,0,5,4,6,0,5,3,0,1,0,0,4,6,2,8,13,5,21,1,0,14,0,1,0,3,8,2,7,2,3,0,0,15,0,0,0,0,0,17,0,0,0,0,0,0,0,0,1,11,1,0,0,4,0,0,0,17,1
독점규제 및 공정거래에 관한법률,0,1,0,0,0,0,0,0,0,0,0,0,0,0,1,0,0,0,0,0,0,4,4,1,0,0,0,0,0,0,0,0,0,1,2,0,0,1,0,1,0,0,0,0,0,0,0,0,0,0,0,0,1,0,1,0,1,0,0,0,0,0,0,0,0,0,0,1,0,0,0,0,0,0,0,1,0,0,0,0,1,0,0,0,0,0,0,0,0,0,0,0,0,0,0,0,0,0,0,0,1,0,0,0,0,0,0,0,0,0,1,0,0,0,0,0,0,0,0,14,0
디자인보호법,1,2,0,1,0,2,2,2,3,1,1,2,0,2,0,4,0,2,3,0,0,1,7,7,0,0,0,0,0,7,1,0,1,1,2,1,0,2,0,0,0,0,1,3,0,0,1,0,2,2,1,2,0,4,2,1,1,1,0,0,0,0,0,1,0,0,0,0,0,0,0,0,0,0,6,7,5,1,2,1,0,0,1,2,0,10,1,1,2,0,0,1,5,0,0,4,0,0,3,0,1,2,0,0,0,1,2,0,0,0,4,5,10,1,1,0,0,0,0,24,5
마약류관리에 관한 법률(대마),7,23,33,13,17,12,3,13,12,8,4,8,21,38,10,20,2,5,12,22,22,51,211,37,14,10,0,4,0,12,2,2,2,9,4,4,0,3,2,1,0,2,6,1,3,2,3,1,2,156,4,13,18,24,19,8,6,3,0,1,5,0,0,17,1,3,2,1,2,1,1,7,1,0,25,12,26,3,3,7,14,0,2,30,4,18,10,1,14,3,0,85,11,1,3,9,48,11,20,0,1,14,3,3,12,2,8,2,1,0,16,12,7,4,18,8,6,0,1,144,65
마약류관리에 관한 법률(마약),3,3,4,1,3,1,0,4,1,4,3,1,2,2,3,2,7,4,1,3,4,3,30,4,1,1,5,0,1,1,0,3,6,0,3,3,7,1,0,3,1,1,6,2,3,2,3,3,5,14,0,0,5,2,2,1,4,2,1,3,0,2,1,0,7,4,2,1,1,0,0,3,2,3,5,10,5,0,2,24,55,3,9,14,1,9,3,4,4,5,2,6,20,25,5,6,22,17,19,20,3,15,7,18,14,8,14,5,7,1,15,4,9,10,14,1,4,14,9,296,359
마약류관리에 관한 법률(향정),43,39,45,44,42,47,41,98,21,22,19,26,21,46,34,65,75,37,74,35,79,104,503,80,51,19,15,23,13,100,30,40,49,88,40,26,10,31,17,26,8,24,39,17,30,33,27,44,14,277,9,65,171,35,88,77,14,5,2,3,23,5,19,84,10,17,28,17,2,8,6,24,5,12,114,179,80,22,56,70,73,23,21,99,44,72,18,36,81,19,16,53,64,7,21,35,93,26,120,5,17,13,7,9,8,11,27,14,9,11,49,104,14,34,23,9,9,3,12,544,193
물환경보전법,3,1,0,0,0,0,0,0,0,0,0,0,0,0,3,0,3,2,1,0,2,0,0,0,1,0,1,0,1,0,0,0,0,0,4,0,17,0,0,2,13,0,0,0,0,4,0,2,0,1,1,7,0,1,8,1,3,0,0,0,0,0,1,2,1,2,0,0,1,0,0,4,0,13,11,5,1,4,2,5,4,1,0,12,7,1,7,0,0,5,0,1,6,2,3,0,10,2,43,1,0,9,1,3,3,6,21,0,3,0,14,5,5,5,4,4,3,0,2,170,104
배타적경제수역에서의 외국인어업등에 관한 주권적권리의 행사에 관한법률,0,0,0,0,0,0,0,0,0,0,0,0,0,0,0,0,0,0,0,0,0,0,0,0,0,0,0,0,0,0,0,0,0,0,0,0,0,0,0,0,0,0,0,0,0,0,0,0,0,0,0,0,0,0,0,0,0,0,10,0,0,0,0,0,0,0,0,0,0,0,0,0,0,0,0,0,0,0,0,0,0,0,0,0,0,0,9,0,0,0,10,0,0,0,0,0,0,0,0,0,0,0,0,0,0,0,0,0,0,0,0,0,0,0,0,0,0,0,0,12,54
범죄수익은닉의 규제 및 처벌 등에 관한법률,1,1,2,0,0,0,3,1,1,1,2,1,0,1,4,2,0,1,9,0,0,3,6,3,1,0,0,0,0,2,1,0,0,0,0,0,4,4,0,0,0,0,3,1,1,1,5,3,1,2,0,4,1,1,0,2,0,0,0,1,7,0,2,4,3,0,2,1,0,4,0,1,0,1,4,15,6,3,2,6,3,0,9,3,2,4,3,6,1,0,1,4,3,0,0,0,2,1,1,0,1,2,0,1,0,3,2,0,0,0,2,1,1,0,0,0,0,0,0,67,19
변호사법,3,9,0,2,1,1,1,1,2,1,1,1,0,3,2,4,2,1,4,1,5,34,11,9,2,0,0,1,0,4,1,0,1,7,1,1,0,6,0,5,1,0,1,0,0,0,3,0,2,3,0,0,7,0,2,2,0,1,0,6,2,3,4,1,1,0,2,2,0,0,0,4,0,1,5,7,5,4,0,5,1,0,0,5,1,42,1,3,6,1,3,1,2,2,0,2,5,1,2,6,2,4,0,2,2,0,0,0,1,1,1,1,1,2,1,0,0,1,0,44,14
병역법,5,4,9,8,8,14,12,4,16,6,11,11,6,8,12,16,15,15,30,4,21,8,35,12,4,0,2,6,6,15,6,1,4,6,9,3,4,2,8,2,2,2,27,7,5,23,11,8,2,7,5,21,31,7,26,21,8,2,0,14,13,9,11,8,13,5,9,8,5,4,6,5,4,0,21,53,25,16,13,28,40,8,8,29,9,25,12,13,17,10,9,23,20,12,7,14,21,9,16,6,5,11,9,5,3,13,5,9,3,3,22,11,13,8,9,5,4,5,14,189,97
보조금관리에관한법률,2,5,0,2,1,0,1,0,1,1,2,3,0,2,0,4,1,2,4,2,2,3,2,2,0,0,1,0,1,2,6,2,3,8,1,2,0,1,0,10,2,3,4,1,3,3,2,7,3,5,1,5,1,3,4,4,2,0,1,10,0,0,4,1,2,1,1,1,2,1,2,10,1,4,1,4,3,2,0,5,12,0,5,10,0,7,2,4,1,1,3,4,5,2,7,2,4,2,9,4,0,2,2,1,1,1,3,49,2,3,0,4,2,2,0,2,0,1,4,117,203
부동산 실권리자 명의등기에 관한법률,1,0,2,0,0,0,4,8,1,1,2,3,0,1,2,2,1,1,3,1,2,2,3,3,3,1,0,2,0,3,1,4,1,2,0,0,1,4,0,3,0,0,4,1,0,2,7,1,2,0,0,3,3,3,0,0,2,3,0,1,4,1,2,2,0,2,4,3,0,0,1,3,0,3,4,12,6,4,2,5,5,3,2,3,1,6,11,3,0,1,2,1,8,2,1,3,5,2,7,1,0,7,2,2,2,0,2,0,3,0,14,3,10,2,2,0,5,4,0,65,65
부정경쟁방지 및 영업비밀보호에 관한법률,7,15,3,9,4,3,3,0,1,0,1,0,1,7,4,7,4,15,15,3,1,14,24,8,1,1,0,1,1,1,1,1,1,0,2,1,2,2,0,1,5,1,1,0,0,1,2,10,5,1,0,6,1,2,3,4,2,0,0,0,2,0,2,2,1,0,3,5,2,0,0,3,3,1,4,7,8,6,5,5,4,4,0,5,0,12,1,1,2,1,1,9,9,2,0,3,5,0,10,1,2,4,0,2,0,2,6,1,0,0,9,7,4,3,0,2,1,0,1,82,23
부정수표단속법,42,10,2,1,1,44,9,6,12,0,15,1,2,7,7,18,5,2,4,0,5,6,14,10,2,4,1,5,0,29,5,2,3,6,0,5,2,0,0,3,0,2,9,3,12,21,5,47,7,3,1,3,0,0,2,1,2,0,0,0,1,0,1,0,0,4,0,0,0,0,0,0,0,1,7,1,1,4,2,4,5,2,1,1,0,4,8,4,39,6,0,3,1,0,0,2,1,0,22,0,1,8,0,1,0,0,1,0,1,0,27,2,1,6,0,6,2,0,1,65,14
사행행위 등 규제 및 처벌특례법,0,1,0,0,1,1,6,1,0,0,0,0,0,1,2,2,1,0,1,1,3,0,0,0,11,0,0,0,0,6,1,2,1,2,1,3,1,1,1,1,3,0,0,0,0,1,0,0,1,1,0,0,2,2,1,1,3,1,0,0,2,1,1,5,2,0,1,0,0,0,0,0,0,0,2,3,26,0,1,3,6,0,2,1,0,1,0,1,0,0,0,2,3,0,0,0,1,0,6,0,0,2,0,1,0,1,0,7,0,0,1,1,0,1,0,1,0,0,0,24,5
산림자원의조성및관리에관한법률,0,1,0,0,0,0,0,0,0,0,0,0,0,0,0,0,1,0,0,1,3,1,1,0,0,0,1,1,1,0,0,0,2,0,2,1,0,0,0,0,1,0,2,0,0,0,0,3,3,1,0,2,1,2,1,3,0,5,0,0,0,0,2,4,0,0,0,2,1,0,0,0,1,3,0,1,0,3,0,2,3,0,3,2,1,6,10,0,1,2,3,0,8,3,13,7,2,1,2,3,0,4,5,2,21,13,4,1,7,5,3,0,2,5,2,0,11,5,6,220,291
산업안전보건법,35,38,13,22,18,26,14,18,4,5,6,7,13,19,17,19,34,17,49,10,24,51,47,28,33,5,10,6,9,15,13,13,9,18,33,20,33,13,14,21,38,12,9,11,5,17,19,33,13,28,3,64,26,24,28,20,11,2,3,23,15,6,27,36,9,10,9,23,21,9,23,40,25,55,56,43,21,43,69,51,104,37,38,55,21,57,35,16,19,40,45,25,56,48,31,38,61,31,54,18,36,44,21,49,14,25,54,12,18,8,44,81,63,18,22,15,29,4,13,1039,260
산지관리법,0,0,0,0,0,0,0,1,0,0,0,0,0,0,0,0,1,0,0,0,0,1,1,0,1,0,0,1,0,0,0,0,1,0,0,2,2,0,0,1,6,0,3,0,1,0,0,5,6,4,0,1,5,4,1,1,0,22,6,1,0,0,1,1,0,0,2,0,1,0,1,0,0,20,2,0,7,13,0,37,13,1,24,5,4,69,40,3,2,16,7,0,58,6,56,14,27,30,16,4,0,28,23,42,24,17,71,9,25,10,24,4,69,1,37,0,33,17,26,768,737
상표법,63,277,13,24,20,40,27,19,18,13,36,22,15,29,9,20,19,16,26,7,27,52,77,47,21,30,2,8,4,49,5,18,10,33,11,16,7,7,9,24,2,90,7,14,8,17,31,26,6,57,2,41,32,16,12,58,5,0,0,23,22,8,15,17,24,16,30,16,7,18,1,19,1,1,53,46,66,27,41,42,51,11,31,23,8,61,12,15,26,4,13,20,30,5,8,5,22,2,19,5,8,23,4,5,3,10,8,7,3,0,38,22,16,11,3,12,3,3,1,248,64
석유및석유대체연료사업법,0,1,1,3,0,0,0,1,0,0,0,0,0,1,0,0,0,0,0,0,0,1,0,1,0,57,0,71,2,3,0,0,0,0,5,0,2,2,0,1,0,0,8,2,0,4,1,6,1,2,1,3,5,0,5,5,2,0,1,1,1,0,1,2,4,3,3,0,8,1,0,0,0,3,2,1,1,8,0,5,7,0,2,1,2,3,0,1,1,6,42,1,3,13,0,0,0,4,11,0,0,5,2,1,1,1,4,0,4,4,3,1,4,3,4,0,1,0,1,76,47
선박안전법,0,0,0,0,0,0,0,0,0,0,0,0,0,0,0,0,0,0,0,0,0,0,0,0,0,673,29,4,3,0,0,1,0,0,3,0,2,0,0,0,0,0,0,0,0,0,0,0,0,14,1,1,0,4,0,0,0,0,7,0,0,0,0,0,0,0,0,0,0,0,1,1,2,2,0,0,0,0,0,0,6,0,5,0,0,0,5,4,0,0,113,0,0,13,0,0,0,0,0,0,0,0,2,0,0,0,0,4,0,0,0,0,0,0,0,0,2,0,0,1115,74
선박직원법,0,0,0,0,0,0,0,0,0,0,0,0,0,0,0,0,0,0,0,0,0,0,0,0,0,0,2,2,1,0,0,0,0,0,0,0,1,0,0,0,229,0,0,0,0,0,0,0,0,32,0,0,0,0,0,0,0,1,20,0,0,0,0,0,0,0,0,0,0,0,0,0,333,336,0,0,0,0,0,0,3,0,2,0,0,0,338,0,0,0,617,0,0,12,0,0,0,0,0,0,0,0,1,0,0,0,0,2,0,0,0,0,0,0,0,0,0,0,0,562,1320
성매매알선등행위의처벌에관한법률,23,12,5,13,15,12,10,19,15,8,16,9,21,18,2,40,18,130,23,11,52,17,55,27,10,2,17,6,4,243,14,5,7,42,7,4,5,13,8,12,6,1,9,7,8,7,14,20,0,8,5,36,19,13,31,22,10,0,0,7,32,3,16,18,10,11,8,15,2,2,2,14,1,0,68,98,49,75,44,29,36,29,36,97,8,62,35,12,29,17,5,14,19,13,6,7,36,2,18,7,12,14,2,1,1,12,3,4,6,0,565,78,17,15,14,16,4,2,3,213,61
수도법,0,2,1,0,1,0,0,1,0,0,0,0,0,1,0,1,0,1,1,2,0,1,3,0,1,0,0,0,0,0,0,0,0,0,1,4,0,0,0,1,0,0,2,0,0,0,0,1,4,0,1,1,0,0,0,1,0,0,0,0,0,0,0,0,2,3,1,2,3,0,0,0,0,2,1,2,3,0,0,19,2,0,3,1,17,5,1,0,0,1,0,0,1,0,0,2,1,1,1,1,0,4,0,2,0,0,0,7,0,0,1,1,1,3,0,0,0,0,0,27,24
수산업법,0,0,0,0,0,0,0,0,0,0,0,0,0,0,0,0,0,0,0,0,0,0,0,0,0,0,0,0,2,0,0,1,0,1,4,0,4,1,1,0,1,0,0,0,0,0,0,0,0,3,0,1,0,0,0,0,0,2,40,0,0,0,0,0,0,0,0,0,0,0,1,3,0,6,0,0,0,0,0,0,6,0,10,5,0,0,19,0,0,0,249,0,0,38,0,0,1,0,0,1,0,0,822,0,0,0,0,1,0,0,0,1,0,0,0,0,4,0,0,54,533
수산자원관리법,0,0,0,0,0,0,0,0,0,0,0,0,0,0,0,0,0,0,0,0,0,0,0,0,0,4,0,0,3,0,0,0,0,1,9,0,6,0,0,0,2,0,0,0,0,1,0,0,0,7,0,0,1,0,5,0,0,0,4,0,0,0,0,0,0,0,0,0,0,0,2,0,1,0,0,0,0,0,0,0,9,0,88,8,0,0,7,4,0,0,25,0,0,33,0,0,0,5,0,4,0,0,13,0,0,0,0,13,0,0,0,2,0,0,0,0,0,0,0,108,519
스토킹범죄의처벌등에관한법률,8,8,2,9,8,17,6,8,11,4,18,8,9,9,13,24,8,5,17,9,11,10,7,9,12,1,1,0,2,6,4,4,3,10,5,2,1,3,3,13,1,3,4,2,1,11,12,11,2,4,0,13,14,5,16,21,8,3,0,1,9,2,4,3,3,4,9,5,4,1,3,6,1,4,24,25,17,9,11,10,13,5,6,18,5,16,17,3,7,4,7,12,9,8,9,28,16,4,13,8,6,8,1,2,3,4,5,11,2,2,12,20,4,4,1,1,3,4,8,83,38
식품위생법,114,51,35,13,15,49,21,27,16,9,58,24,22,118,10,30,46,15,36,8,31,47,237,46,35,33,46,30,22,84,28,69,38,132,87,68,55,29,37,65,39,14,17,9,16,22,15,24,21,39,3,18,18,25,26,36,10,5,4,10,34,23,31,45,8,14,38,5,19,3,23,25,9,9,35,83,38,70,23,34,106,15,26,44,30,77,49,28,21,15,136,19,59,27,14,23,39,13,56,17,16,44,5,10,6,10,24,38,12,8,46,32,27,32,15,17,22,6,11,704,374
신용정보의 이용 및 보호에 관한법률,2,2,0,0,0,0,0,0,0,0,0,0,0,1,0,0,0,0,0,0,1,2,0,0,1,0,0,0,0,1,0,0,0,0,0,0,0,1,0,0,0,0,0,0,0,0,0,4,0,0,0,0,0,1,0,0,0,1,0,0,0,1,0,2,0,0,0,0,0,0,0,0,0,0,0,0,1,0,0,0,1,1,0,0,0,1,0,0,0,0,0,0,0,0,0,0,0,0,0,0,0,2,0,0,0,0,0,0,0,0,0,0,0,0,0,0,0,0,1,1,1
아동·청소년의성보호에관한법률(성매수등),0,0,0,0,0,1,2,2,3,1,2,2,2,1,2,2,1,1,1,2,3,0,3,5,2,1,1,1,0,5,0,1,0,4,0,0,0,2,1,2,0,2,1,2,0,3,3,3,1,1,0,2,7,1,9,5,3,0,0,1,2,0,0,2,5,3,6,1,1,0,2,0,0,0,4,8,9,2,4,1,5,1,43,5,1,8,9,6,5,3,3,7,3,1,2,7,9,2,3,0,2,2,1,1,1,0,3,0,0,0,5,4,4,1,0,0,0,0,0,34,7
아동·청소년의성보호에관한법률(성착취물등),17,4,4,3,8,8,12,9,7,11,17,12,78,11,13,13,12,7,10,8,9,9,12,9,6,1,2,2,4,8,7,6,6,13,11,4,1,20,3,8,4,3,4,3,6,16,12,17,1,7,3,18,20,13,26,38,6,1,1,1,5,4,11,8,5,8,17,5,6,14,2,16,3,4,22,67,22,18,25,22,39,7,8,64,4,20,14,13,64,8,6,13,20,7,9,6,7,3,15,7,11,21,0,3,14,3,5,9,4,4,20,17,10,9,4,4,3,6,1,220,81
아동복지법,33,19,46,35,85,75,74,87,100,62,153,127,81,76,212,79,100,80,55,56,87,58,101,174,111,6,21,20,41,69,49,56,34,89,41,27,40,35,36,46,41,13,63,38,29,63,57,119,62,35,20,192,126,85,120,144,48,15,4,22,65,31,71,61,63,67,145,109,59,111,81,127,90,79,342,339,248,168,102,190,135,113,90,334,41,198,188,75,130,34,77,86,263,46,38,88,193,32,114,54,57,158,30,39,17,38,73,97,23,11,259,207,99,59,55,38,68,30,17,1585,670
액화석유가스의 안전관리 및 사업법,0,0,0,0,0,1,0,0,0,0,1,1,0,1,0,1,0,0,0,0,0,1,0,0,0,0,0,1,0,0,0,0,0,0,0,0,0,0,0,1,2,0,0,3,0,1,0,2,1,1,0,1,0,0,1,1,0,1,0,1,0,0,1,0,1,1,1,0,1,0,0,1,0,1,1,0,0,3,0,0,2,0,2,3,2,3,0,0,0,1,0,2,0,1,0,0,1,2,1,0,0,0,7,5,0,1,0,13,7,0,5,0,1,0,0,0,8,0,0,20,27
약사법,18,15,2,5,4,11,3,11,12,4,7,5,5,17,4,11,12,5,10,6,9,13,21,9,9,6,4,6,1,16,2,2,7,5,9,3,0,5,4,3,7,3,4,0,4,3,5,10,0,11,4,10,10,7,10,8,5,2,0,7,16,12,16,21,6,11,13,4,2,2,0,2,1,2,22,10,11,11,6,9,5,1,5,21,3,11,11,0,4,4,5,2,6,5,0,4,6,0,7,5,2,6,1,0,1,3,3,0,2,2,10,10,4,5,3,0,4,4,2,141,38
여객자동차운수사업법,0,0,18,2,0,1,0,1,0,0,3,0,2,0,0,2,0,1,2,0,0,3,9,2,1,0,0,0,0,1,0,3,0,2,0,0,1,0,0,1,0,0,0,1,3,0,6,1,0,5,0,1,0,0,1,1,0,0,0,0,2,0,2,5,3,1,2,0,1,0,0,4,0,2,2,7,2,3,0,1,6,2,0,14,2,3,3,1,3,1,0,1,13,1,1,2,30,2,3,2,1,5,2,0,0,2,1,0,0,0,1,8,1,2,42,1,3,0,0,133,15
여신전문금융업법,13,16,13,8,7,12,15,8,2,2,9,9,7,11,9,23,15,6,15,8,13,15,48,26,18,1,10,17,6,41,19,14,11,16,9,31,5,6,14,17,10,12,20,6,5,15,10,15,7,10,3,14,37,2,18,29,6,8,0,16,19,8,14,22,16,10,21,23,6,2,4,16,2,4,27,41,23,32,16,37,49,1,8,18,16,35,9,10,6,4,5,12,28,9,11,16,27,17,52,18,4,12,1,4,3,8,15,2,4,3,36,24,5,11,12,2,7,5,2,204,79
영유아보육법,0,0,0,0,0,0,1,1,0,1,6,1,1,0,2,1,0,0,0,1,0,0,0,1,1,0,2,0,0,1,3,3,1,0,0,1,0,0,0,0,0,0,1,0,0,1,0,1,0,0,0,3,1,1,1,0,3,0,0,0,0,0,1,1,0,0,2,0,0,0,0,0,0,2,4,4,2,2,1,1,0,4,2,4,2,0,1,0,4,0,0,0,0,0,1,2,8,0,1,0,2,1,0,1,0,1,7,1,0,4,4,0,0,5,0,1,0,0,0,21,0
예비군법,0,0,0,0,0,1,0,1,3,1,9,2,1,0,1,2,0,1,1,0,2,1,3,3,1,1,0,0,0,2,1,3,1,2,1,0,0,0,1,1,0,0,4,1,1,0,0,1,0,2,0,2,8,8,5,1,13,1,0,0,2,0,2,2,2,5,0,2,2,1,1,1,4,0,3,4,3,1,0,10,1,2,1,0,0,9,6,3,2,0,1,5,7,0,1,1,9,1,1,1,0,11,2,0,0,0,3,1,0,0,5,4,0,3,1,3,1,1,1,30,20
옥외광고물등의 관리와 옥외광고산업진흥에 관한법률,1,1,0,0,1,0,1,0,0,0,1,0,0,0,1,0,0,1,3,0,2,1,3,7,0,0,1,0,0,2,0,0,0,1,0,0,0,0,0,0,0,0,0,0,1,0,1,0,1,0,0,4,1,0,2,1,0,0,0,0,0,0,0,0,1,1,1,1,0,0,0,1,0,2,3,1,1,0,1,1,12,0,0,1,4,18,4,0,1,0,0,0,2,0,0,1,2,0,2,0,0,3,0,0,0,1,0,0,0,0,15,0,4,0,0,2,0,0,1,6,9
외국환거래법,3,6,2,2,2,1,1,0,0,1,3,1,3,5,0,0,5,2,12,4,0,4,8,6,0,2,0,1,0,0,0,0,0,1,0,0,0,0,0,3,2,0,0,1,0,1,1,0,0,68,2,3,0,2,0,2,1,0,0,0,1,0,1,0,0,0,0,0,0,3,0,0,0,1,1,4,2,0,2,0,1,0,0,3,0,2,1,0,3,0,0,0,3,1,0,0,0,1,1,0,1,0,0,1,0,0,0,0,0,0,0,2,0,1,0,0,0,0,0,28,5
위험물안전관리법,0,0,0,0,0,0,2,0,0,2,0,0,0,0,1,1,0,0,0,0,1,0,0,1,0,1,0,1,0,0,0,0,0,0,0,0,2,1,0,1,0,0,3,2,1,6,1,10,2,3,2,7,4,1,14,1,4,0,1,0,1,0,0,3,0,0,0,5,1,1,1,8,1,8,14,0,4,3,2,3,0,2,4,16,4,7,6,0,2,3,46,1,10,0,6,2,12,2,7,2,2,1,2,3,0,5,4,0,1,3,6,15,14,3,4,0,1,2,2,188,77
유사 수신행위의 규제에 관한법률,1,2,2,1,9,1,4,2,2,1,1,2,0,2,1,3,21,3,10,3,16,14,128,10,10,0,0,1,1,8,0,1,2,10,3,0,1,2,2,1,1,3,5,0,3,1,2,2,0,1,0,0,1,0,3,1,1,0,0,2,8,1,5,3,3,3,8,3,1,2,0,6,1,3,7,10,4,9,6,13,22,0,4,6,4,7,2,1,3,2,3,3,3,0,0,1,1,0,10,3,4,5,2,0,2,0,1,0,0,0,0,1,1,1,0,2,1,2,0,44,14
의료기기법,2,6,1,10,1,4,2,2,4,4,2,2,0,8,2,8,6,10,9,5,1,9,11,5,7,0,0,2,0,2,0,5,1,1,3,1,0,0,0,1,0,2,0,1,3,3,2,3,0,4,0,0,2,0,4,0,0,2,0,4,0,0,3,0,1,4,2,6,0,1,0,1,0,1,6,2,9,1,1,2,1,1,0,2,0,3,1,2,1,1,0,0,0,0,1,1,3,0,3,0,1,7,1,0,0,1,2,0,0,1,7,3,2,2,0,0,1,1,0,20,6
의료법,35,25,14,10,29,26,25,17,16,14,32,13,12,66,7,39,20,13,31,8,37,38,109,26,24,11,7,14,1,43,30,5,3,29,24,8,7,12,11,3,4,9,9,6,5,8,12,20,1,7,2,17,17,12,21,25,13,3,0,18,30,14,26,24,5,11,23,6,5,16,7,19,2,6,72,90,45,28,20,28,37,9,23,89,10,57,21,21,8,9,6,14,30,8,10,9,40,4,37,7,4,15,21,5,3,5,17,12,3,2,38,24,3,22,14,14,5,4,3,190,75
자동차관리법,555,298,253,169,156,157,269,314,281,162,239,322,209,285,172,426,105,188,278,132,305,440,471,278,204,108,89,154,72,522,189,204,112,337,313,136,163,125,143,191,69,139,216,158,163,230,218,401,141,144,21,356,229,155,243,184,144,5,13,83,265,102,263,328,91,113,122,99,63,91,48,168,77,75,334,675,384,510,202,517,569,90,92,346,130,435,139,80,139,131,77,132,267,87,100,91,1661,72,430,62,72,183,64,81,43,105,130,85,36,30,319,202,111,141,86,78,80,15,49,3095,1017
자동차손해배상보장법,52,28,43,29,48,46,27,29,40,22,29,23,23,23,39,52,32,37,57,39,69,142,111,34,40,19,15,58,34,170,49,80,87,98,76,61,162,45,33,115,58,45,138,73,36,175,111,144,76,93,33,196,104,65,116,93,52,8,3,27,57,34,85,150,51,77,63,72,51,70,33,104,77,133,99,289,145,134,69,382,270,19,321,230,26,207,249,39,67,149,283,92,347,202,87,94,343,123,136,78,15,77,39,57,81,102,174,41,30,46,137,91,121,59,103,45,74,36,45,4490,1331
자본시장과금융투자업에관한법률,3,9,1,5,5,1,1,1,7,0,1,0,1,4,9,6,19,26,50,3,0,18,64,5,2,0,0,0,0,0,0,0,1,5,0,0,2,0,1,3,0,0,0,0,1,4,9,2,0,0,0,2,2,6,0,1,0,0,1,1,1,1,0,2,0,1,1,3,0,0,0,1,0,0,15,3,14,5,3,2,7,0,0,0,1,7,0,0,4,1,0,0,2,0,15,2,5,0,0,0,1,1,0,0,0,0,0,0,1,1,1,1,2,0,0,2,0,0,0,72,8
저작권법,31,58,28,42,34,37,26,29,15,16,39,29,19,80,34,75,211,191,51,35,63,90,228,56,29,2,3,5,13,42,30,37,31,62,29,22,47,17,9,33,13,15,30,14,13,73,53,52,20,23,3,78,27,51,109,106,36,3,0,8,22,14,48,41,20,25,47,53,17,18,5,40,13,18,190,122,166,33,72,61,132,24,28,117,31,152,30,20,41,24,32,92,53,11,38,48,78,17,82,15,50,57,15,31,17,27,39,13,10,9,83,148,67,27,12,11,18,7,6,917,202
전자금융거래법,38,51,36,34,49,33,28,37,38,39,57,50,21,59,52,47,67,75,66,24,57,44,86,49,36,8,21,13,15,48,20,111,51,46,50,30,14,58,12,41,27,38,64,24,21,50,37,68,10,35,12,57,66,67,107,50,25,9,2,8,40,15,54,36,36,59,103,40,32,49,29,45,13,36,112,162,135,43,83,101,111,45,150,125,46,141,103,33,58,33,104,67,84,39,81,38,98,25,92,32,51,55,23,33,25,34,42,53,26,3,94,76,43,45,27,20,26,10,6,1017,269
전파법,2,2,1,2,2,2,0,1,2,0,3,1,0,4,17,13,17,7,10,0,5,3,1,3,1,0,2,1,2,5,2,6,4,0,2,2,6,2,0,4,3,4,1,1,3,5,4,6,3,0,0,1,0,0,1,1,0,0,0,0,1,1,10,3,0,2,1,4,0,1,1,1,1,0,4,4,2,4,2,6,4,2,875,1,1,3,77,1,1,1,1,1,7,1,0,5,0,0,3,0,1,2,0,7,1,2,0,0,1,0,4,1,3,1,0,2,0,4,0,142,7
정보통신망이용촉진 및 정보보호 등에 관한법률,128,178,103,149,147,123,95,124,113,168,186,151,119,235,174,239,172,92,200,127,210,344,672,350,150,24,23,28,21,168,44,105,47,147,88,102,38,95,34,75,45,39,76,44,41,86,115,96,47,74,20,244,122,189,162,165,131,18,2,29,74,49,91,81,59,78,219,72,23,41,37,70,28,21,288,489,989,169,154,260,254,109,96,219,94,396,147,77,121,48,68,137,167,60,89,79,172,62,127,67,85,204,41,37,52,54,51,58,35,23,369,156,148,114,50,41,39,22,48,3134,476
조세범 처벌법,18,20,16,23,7,22,18,8,15,7,7,8,8,15,10,33,40,19,32,12,10,34,66,31,22,4,8,5,2,5,8,9,3,14,8,4,16,2,2,20,6,6,13,5,9,17,10,24,10,14,3,15,16,8,19,19,14,0,0,4,9,4,24,16,5,8,15,8,11,2,7,11,4,18,28,39,29,21,23,21,37,14,14,58,16,35,5,3,11,15,8,12,15,7,5,2,35,21,17,7,15,20,4,13,1,8,20,35,3,4,30,19,19,15,8,4,3,1,9,269,98
주민등록법,12,6,4,7,21,7,16,10,5,9,10,13,4,17,7,19,9,4,16,3,15,12,22,18,12,6,2,1,23,44,2,4,4,13,2,5,1,5,5,8,5,14,10,5,7,13,21,18,6,1,1,20,22,6,28,21,9,0,0,8,9,6,13,8,10,4,10,6,3,2,6,30,2,8,30,30,29,38,7,35,15,6,7,21,9,37,8,13,23,3,6,12,28,9,9,14,12,4,22,13,16,22,3,8,2,3,8,5,2,10,16,10,15,13,4,2,3,3,2,207,70
주차장법,0,3,0,0,10,1,0,0,1,0,0,0,0,2,0,11,0,0,2,0,0,2,0,1,1,0,0,0,0,0,0,0,0,0,0,0,0,1,0,0,0,0,0,0,0,0,0,4,0,0,0,0,0,0,0,1,0,0,0,0,0,0,0,0,0,0,0,1,0,0,1,0,1,0,1,1,0,0,0,0,0,0,0,2,0,0,19,1,0,0,0,0,2,0,0,0,0,0,1,0,0,0,0,0,0,0,0,0,0,0,0,0,0,0,0,0,0,1,0,1,1
주택법,2,1,0,2,5,4,0,1,1,0,4,4,0,0,1,4,4,1,5,5,4,0,8,7,6,0,0,2,1,13,1,10,1,12,1,2,0,11,3,1,0,5,8,6,7,9,9,9,2,2,0,19,10,14,16,33,4,0,0,1,3,16,2,0,0,0,2,6,1,3,6,7,1,1,8,14,18,52,25,7,6,4,1,4,1,17,4,0,7,2,2,1,6,19,3,1,3,0,4,15,2,1,0,0,0,1,1,1,0,0,6,18,7,2,0,0,0,0,0,138,30
직업안정법,0,1,3,0,0,1,0,0,2,1,0,0,1,1,2,2,0,2,1,0,1,1,5,1,1,1,0,0,1,0,0,0,0,1,0,1,0,0,0,0,0,0,2,0,3,1,2,3,0,0,0,0,0,0,0,0,1,0,0,0,5,0,0,1,3,1,2,0,1,0,1,1,0,0,0,3,2,1,0,2,4,0,1,1,0,0,3,5,3,0,1,1,3,1,0,0,0,0,1,6,1,0,2,0,1,1,0,2,0,0,0,2,1,0,2,0,1,0,4,16,20
집회 및 시위에 관한법률,67,31,4,1,6,0,0,1,0,0,1,0,6,1,0,2,0,1,30,2,1,12,4,1,0,1,0,0,0,4,0,0,0,1,2,0,0,3,1,1,1,2,0,0,0,2,0,0,1,1,0,3,1,0,2,1,0,0,0,1,4,0,1,0,0,0,0,2,0,1,1,6,5,3,0,4,4,1,2,3,4,0,2,1,1,3,2,1,0,0,1,0,0,0,3,6,2,0,2,1,0,0,0,0,1,1,2,1,0,0,0,0,3,4,0,0,0,0,0,15,15
청소년보호법,12,13,11,17,32,25,26,17,21,15,27,41,18,36,20,67,40,19,34,19,45,11,53,53,30,13,7,16,6,59,32,25,15,29,16,18,2,17,19,10,15,17,35,19,20,41,38,50,4,22,2,49,43,30,53,63,15,3,0,28,47,21,66,36,44,39,54,32,29,16,25,61,18,17,87,124,76,97,32,94,143,23,69,72,44,78,47,40,39,53,40,70,78,53,43,27,39,29,71,50,9,38,17,30,12,30,29,62,13,20,51,60,35,42,23,27,21,13,11,551,271
총포·도검·화약류등의 안전관리에 관한법률,7,2,0,1,1,11,4,4,2,1,2,1,11,6,4,9,1,1,4,4,4,2,2,0,2,0,0,0,3,3,0,2,1,4,0,0,8,1,1,1,0,1,4,3,1,14,4,3,2,4,0,2,3,2,0,3,2,1,0,0,1,1,2,4,1,0,1,0,0,1,2,1,0,0,3,2,3,5,6,13,2,0,3,6,0,4,10,2,5,5,2,0,1,0,3,3,2,0,0,4,0,9,1,1,1,1,2,1,0,2,1,1,4,0,1,0,3,0,1,38,24
최저임금법,2,7,6,2,5,3,4,1,1,1,3,7,7,6,7,6,6,4,1,2,6,5,12,3,4,3,1,2,1,13,7,11,2,14,4,4,0,2,9,6,5,3,12,7,7,4,7,21,4,0,1,11,10,4,5,3,5,1,1,2,2,3,6,2,2,1,1,0,0,5,1,2,4,2,10,4,3,5,10,5,18,4,6,10,8,5,4,0,8,5,18,5,6,3,3,4,13,0,8,5,3,3,2,4,3,5,5,1,4,0,2,6,2,7,2,0,3,4,2,94,18
축산물위생관리법,0,0,0,3,0,34,0,0,0,0,0,0,0,0,1,0,1,0,0,0,0,0,1,0,1,1,1,0,0,1,2,3,0,1,0,0,2,2,2,2,2,3,11,1,0,8,3,2,6,1,0,11,1,0,2,1,1,0,1,0,0,0,1,1,2,0,3,2,4,0,0,0,0,2,6,0,1,6,0,4,10,0,1,7,1,1,2,0,0,1,1,0,2,0,0,3,4,0,10,0,1,3,0,1,0,2,2,2,0,0,3,5,0,2,1,1,2,2,2,48,19
출입국관리법,5,2,5,0,1,7,6,6,1,0,2,4,5,18,7,8,8,5,26,1,8,5,4,4,2,12,3,2,2,7,3,2,0,4,4,2,2,4,1,2,0,18,5,4,1,5,2,13,11,33,0,14,9,12,6,9,2,2,4,3,3,0,7,17,2,0,1,1,0,5,1,13,2,10,12,18,23,12,7,19,28,4,6,60,3,13,36,16,17,5,11,9,42,17,0,1,34,14,16,2,1,6,4,1,2,3,7,3,5,3,12,22,9,15,11,6,0,0,10,229,167
통신비밀보호법,4,3,4,0,2,2,0,3,4,0,4,2,1,3,5,3,2,2,4,5,1,3,11,4,4,0,1,1,1,2,2,0,1,0,0,3,0,1,0,0,1,1,1,0,2,1,4,1,1,2,0,5,1,4,3,2,0,0,0,1,1,1,2,2,2,1,3,3,0,0,1,0,1,1,3,4,5,4,3,3,4,2,0,5,4,4,3,0,3,3,2,4,2,1,2,2,1,3,3,1,2,3,1,0,1,1,2,1,1,0,2,1,2,2,1,1,1,0,0,44,22
특가법(도주차량),25,22,37,26,28,42,22,30,19,19,43,30,16,37,25,58,44,30,39,24,38,118,129,38,38,10,7,23,18,158,21,15,26,49,22,69,24,27,20,69,15,32,63,75,30,39,29,263,21,30,5,207,209,46,265,168,47,8,1,15,53,11,134,66,36,20,67,46,44,47,17,63,38,19,89,259,120,128,48,101,84,22,47,316,24,201,72,48,27,40,45,145,193,83,14,122,339,39,64,26,14,69,20,19,18,63,45,48,50,11,189,177,75,40,29,21,33,13,30,915,501
특허법,1,2,3,1,2,1,0,1,0,0,0,0,0,2,0,2,0,9,4,0,2,1,3,0,0,0,0,0,0,0,0,1,0,2,0,0,1,0,0,0,0,0,0,0,0,5,0,3,0,0,0,4,4,0,0,0,1,0,0,0,0,0,1,0,0,0,0,0,0,1,0,0,0,3,4,1,0,1,3,1,2,0,0,3,0,0,1,1,2,0,0,1,1,1,0,2,2,0,0,0,2,3,1,0,0,0,0,1,0,1,3,5,3,2,0,0,0,0,1,27,7
폐기물관리법,0,0,1,2,0,2,1,0,0,0,1,2,0,0,1,1,0,0,1,1,0,0,1,2,3,1,1,0,1,1,2,5,0,1,5,1,41,1,0,2,4,0,5,5,1,4,2,13,12,4,0,26,1,0,3,1,4,6,1,0,3,2,7,11,1,5,1,0,6,1,0,8,1,32,10,1,10,12,5,22,22,3,25,11,23,19,26,4,1,20,10,9,26,9,4,9,74,36,91,6,0,45,3,6,6,16,20,7,11,5,26,48,48,21,32,3,6,3,14,678,469
풍속영업의 규제에 관한법률,0,0,0,0,4,1,0,0,4,0,0,1,0,0,0,0,0,0,4,1,1,0,0,2,1,2,0,0,0,4,0,0,0,0,0,0,0,0,0,1,0,0,1,0,1,1,0,0,0,0,0,1,3,0,0,0,2,0,0,0,0,0,0,0,1,0,0,1,0,0,0,1,0,1,5,1,3,0,0,1,2,1,0,5,0,2,0,0,0,0,0,0,0,0,0,0,0,0,0,0,2,0,0,0,0,0,0,0,0,0,0,1,0,0,0,4,0,0,0,0,0
하천법,0,0,0,0,0,0,0,0,0,0,0,0,0,0,0,0,0,0,1,0,0,0,0,0,2,0,0,0,0,0,0,0,0,0,0,0,0,0,0,331,2,0,0,0,0,0,0,0,0,0,0,0,0,0,0,0,0,0,0,1,0,0,0,0,0,1,0,1,0,0,0,0,0,8,0,0,0,0,0,1,0,3,1307,1,0,3,3,0,0,0,0,0,0,0,4,2,0,0,8,0,0,16,0,2,4,0,0,0,0,3,2,0,1,4,1,0,0,1,0,27,55
학교보건법,0,1,0,0,0,0,0,0,0,0,0,0,0,0,0,0,0,0,0,0,0,0,0,0,0,0,0,0,0,0,0,0,0,0,0,0,0,0,0,0,0,0,0,0,0,0,0,0,0,0,0,0,0,0,0,0,0,0,0,0,0,0,0,0,0,0,0,0,0,0,0,0,0,0,0,0,0,0,0,0,0,0,0,0,0,0,0,0,0,0,0,0,0,0,0,0,0,0,0,0,0,0,0,0,0,0,0,0,0,0,0,0,0,0,0,0,0,0,0,0,0
학원의설립운영및과외교습에관한법률,4,2,3,1,3,2,0,0,0,2,3,1,0,2,1,2,1,0,1,5,3,6,20,4,0,0,0,1,0,3,1,1,2,6,4,3,0,0,0,0,5,1,2,0,1,2,14,18,1,0,0,4,1,4,1,1,1,0,0,1,0,2,0,1,3,3,10,5,9,2,0,3,1,0,4,20,4,3,5,2,4,3,5,2,2,11,2,2,0,0,1,0,2,16,1,1,4,1,5,2,0,3,0,0,4,1,2,16,1,0,9,1,0,0,0,0,2,1,2,36,17
화물자동차운수사업법,21,50,7,16,9,14,4,9,3,3,8,3,6,4,7,8,6,4,8,3,7,41,3,43,11,1,1,2,1,10,2,6,4,5,6,5,4,3,2,3,1,1,6,1,2,12,2,7,3,12,0,10,7,6,4,17,16,1,0,1,3,1,8,4,1,4,21,6,1,4,2,5,3,7,9,10,12,9,13,5,9,4,5,13,1,28,5,5,11,4,2,0,5,11,10,1,2008,1,18,0,18,41,1,2,2,0,5,15,3,2,20,7,6,17,8,5,0,0,0,153,43
화재로 인한 재해보상과 보험가입에 관한법률,0,0,0,0,0,0,0,0,0,0,0,0,0,0,0,0,0,0,0,0,0,0,0,0,0,0,0,0,0,0,0,0,0,0,0,0,0,0,0,0,1,0,1,0,0,0,0,1,0,0,0,1,0,0,5,0,0,0,0,0,0,0,0,0,0,0,1,0,0,0,0,0,0,1,0,0,0,0,0,0,0,0,0,2,1,0,0,0,0,0,0,0,0,0,0,0,1,0,0,1,0,0,1,0,0,0,1,0,0,0,0,1,0,0,0,0,0,0,6,5,9
화재예방·소방시설설치유지및안전관리에관한법률,2,1,3,0,2,4,0,3,0,0,1,1,2,1,1,1,1,1,3,1,1,18,9,4,2,3,1,1,0,1,4,0,0,2,1,0,0,1,0,0,2,1,1,0,0,1,2,5,1,8,0,21,0,4,9,2,4,1,2,1,4,0,2,5,0,2,1,0,1,3,0,4,1,0,10,5,1,5,4,0,9,1,1,8,0,7,23,0,10,1,0,0,5,0,5,0,2,2,7,0,2,7,1,1,0,2,9,0,0,1,10,3,7,1,6,2,3,2,4,145,41
화학물질관리법,0,1,0,3,1,0,5,2,1,2,2,0,1,8,3,4,0,2,6,1,0,1,26,3,2,1,0,0,0,0,1,0,1,0,5,1,7,0,3,5,3,0,2,0,0,0,0,0,2,7,1,6,4,4,16,2,0,0,0,0,3,2,8,4,3,1,1,0,0,1,0,76,0,7,10,7,13,0,4,4,8,0,1,35,2,3,10,2,2,2,4,1,6,5,5,1,6,2,8,2,2,12,2,8,0,0,2,1,0,0,4,11,10,14,5,0,0,2,0,87,58
기타 특별법,252,268,192,170,278,212,222,211,250,196,282,259,190,241,219,400,303,267,381,162,290,339,598,464,649,67,1186,100,1103,259,108,168,120,247,1068,173,230,165,107,118,138,86,158,107,73,208,152,282,109,1077,38,552,422,2702,420,374,208,99,116,57,148,80,271,151,132,164,257,175,124,132,580,247,637,128,730,711,554,400,338,672,684,202,348,749,135,817,549,490,285,195,1570,293,571,1164,224,243,566,168,269,126,248,429,1378,124,95,169,224,183,87,46,489,433,272,216,140,127,118,87,91,7112,10175
